{
  "T_mano_wrist_inspire_base": [
    [
      -0.047992588114176594,
      0.982983792227821,
      0.17731197734751641,
      0.04073978827522623
    ],
    [
      0.9926531328259375,
      0.0666769180040478,
      -0.10096518131291876,
      0.0025628530619647757
    ],
    [
      -0.1110697603942897,
      0.1711637214938177,
      -0.9789618692726988,
      0.006077431453350126
    ],
    [
      0.0,
      0.0,
      0.0,
      1.0
    ]
  ],
  "mano_palm_length_m": 0.09533388912677765,
  "inspire_palm_length_m": 0.1366041438754656,
  "inspire_to_mano_palm_length_ratio": 1.4329022462705325,
  "mcp_alignment_error_m": [
    0.00921114041185285,
    0.010145939641533673,
    0.006038708403037747,
    0.01057259012131559
  ],
  "mcp_alignment_rmse_m": 0.009165572267277856,
  "mano_mcps_m": [
    [
      -0.09882166981697083,
      -0.0054224468767642975,
      0.023144468665122986
    ],
    [
      -0.10582862794399261,
      -0.0016856309957802296,
      -0.003347566118463874
    ],
    [
      -0.0922946110367775,
      -0.004222027491778135,
      -0.028928648680448532
    ],
    [
      -0.07948917150497437,
      -0.01235055923461914,
      -0.04702348634600639
    ]
  ],
  "inspire_mcps_in_mano_m": [
    [
      -0.09920218548785448,
      -0.002999368364133387,
      0.014265898620757337
    ],
    [
      -0.096337173471025,
      -0.004987819579998658,
      -0.004743250091104136
    ],
    [
      -0.09273942057987206,
      -0.006917438351530768,
      -0.02354321425559307
    ],
    [
      -0.08815530821454448,
      -0.008776038303279003,
      -0.042134668849331716
    ]
  ],
  "method": "canonical palm-frame orientation plus four-MCP-center alignment"
}