{
  "matrix_row_major": [
    [
      0.0,
      0.9882283648732629,
      0.15298582492231966,
      0.0285
    ],
    [
      0.9945219064593716,
      0.015991374100300736,
      -0.10329798639851125,
      0.0027
    ],
    [
      -0.10452846443337513,
      0.15214776131407615,
      -0.9828146899827609,
      0.0063
    ],
    [
      0.0,
      0.0,
      0.0,
      1.0
    ]
  ],
  "translation_m": [
    0.0285,
    0.0027,
    0.0063
  ],
  "rotation_rpy_xyz_rad": [
    3.036872898470133,
    0.15358897417550102,
    -1.5707963267948966
  ],
  "convention": "T_mano_wrist_inspire_base"
}
