{
  "matrix_row_major": [
    [
      -0.045943211764097214,
      0.9871465563774109,
      0.15307143330574036,
      0.042348846793174744
    ],
    [
      0.9927933216094971,
      0.06209928169846535,
      -0.1024944931268692,
      0.00266407523304224
    ],
    [
      -0.11068271845579147,
      0.14725936949253082,
      -0.982885479927063,
      0.006317464634776115
    ],
    [
      0.0,
      0.0,
      0.0,
      1.0
    ]
  ],
  "translation_m": [
    0.042348846793174744,
    0.00266407523304224,
    0.006317464634776115
  ],
  "palm_length_ratio": 1.45
}